-- phpMyAdmin SQL Dump
-- version 4.0.10deb1
-- http://www.phpmyadmin.net
--
-- Host: localhost
-- Generation Time: Jan 18, 2016 at 07:54 AM
-- Server version: 5.5.46-0ubuntu0.14.04.2
-- PHP Version: 5.5.9-1ubuntu4.14

SET SQL_MODE = "NO_AUTO_VALUE_ON_ZERO";
SET time_zone = "+00:00";


/*!40101 SET @OLD_CHARACTER_SET_CLIENT=@@CHARACTER_SET_CLIENT */;
/*!40101 SET @OLD_CHARACTER_SET_RESULTS=@@CHARACTER_SET_RESULTS */;
/*!40101 SET @OLD_COLLATION_CONNECTION=@@COLLATION_CONNECTION */;
/*!40101 SET NAMES utf8 */;

--
-- Database: `prelaunch_ihrarzt24`
--

-- --------------------------------------------------------

--
-- Table structure for table `ia24at_clinics`
--

CREATE TABLE IF NOT EXISTS `ia24at_clinics` (
  `id` bigint(20) unsigned NOT NULL AUTO_INCREMENT,
  `doctor_id` bigint(20) unsigned NOT NULL,
  `is_member` tinyint(4) NOT NULL,
  `gmap_reference` varchar(255) CHARACTER SET utf8mb4 NOT NULL,
  `avatar` text CHARACTER SET utf8mb4 NOT NULL,
  `first_name` varchar(255) CHARACTER SET utf8mb4 NOT NULL,
  `last_name` varchar(255) CHARACTER SET utf8mb4 NOT NULL,
  `postal_code` int(10) unsigned NOT NULL,
  `locality` text CHARACTER SET utf8mb4 NOT NULL,
  `street` text CHARACTER SET utf8mb4 NOT NULL,
  `street_additional` text CHARACTER SET utf8mb4 NOT NULL,
  `coordinate_lat` double NOT NULL,
  `coordinate_lng` double NOT NULL,
  `telephone` varchar(255) CHARACTER SET utf8mb4 NOT NULL,
  `website` text CHARACTER SET utf8mb4 NOT NULL,
  `speciality` varchar(255) CHARACTER SET utf8mb4 NOT NULL,
  `languages` varchar(255) CHARACTER SET utf8mb4 NOT NULL,
  `insurance_private` tinyint(4) NOT NULL,
  `insurance_public` tinyint(4) NOT NULL DEFAULT '1',
  `must_feedback` tinyint(4) NOT NULL,
  `moodle` tinyint(4) NOT NULL,
  `text_description` text CHARACTER SET utf8mb4 NOT NULL,
  `text_more_for_patient` text CHARACTER SET utf8mb4 NOT NULL,
  `text_hospital_occupancy` text CHARACTER SET utf8mb4 NOT NULL,
  PRIMARY KEY (`id`)
) ENGINE=MyISAM DEFAULT CHARSET=utf8 COLLATE=utf8_unicode_ci AUTO_INCREMENT=1 ;

-- --------------------------------------------------------

--
-- Table structure for table `ia24at_config`
--

CREATE TABLE IF NOT EXISTS `ia24at_config` (
  `id` int(10) unsigned NOT NULL AUTO_INCREMENT,
  `key` varchar(100) NOT NULL,
  `value` text NOT NULL,
  PRIMARY KEY (`id`),
  KEY `key` (`key`)
) ENGINE=MyISAM DEFAULT CHARSET=utf8 AUTO_INCREMENT=1 ;

-- --------------------------------------------------------

--
-- Table structure for table `ia24at_doctors`
--

CREATE TABLE IF NOT EXISTS `ia24at_doctors` (
  `id` bigint(20) unsigned NOT NULL AUTO_INCREMENT,
  `doctor_id` bigint(20) unsigned DEFAULT NULL,
  `clinic_id` bigint(20) unsigned NOT NULL,
  `is_member` tinyint(4) NOT NULL,
  `gmap_reference` varchar(255) NOT NULL,
  `email` varchar(255) NOT NULL,
  `password` varchar(255) NOT NULL,
  `avatar` text NOT NULL,
  `first_name` varchar(255) NOT NULL,
  `last_name` varchar(255) NOT NULL,
  `gender` tinyint(4) NOT NULL,
  `title` varchar(255) NOT NULL,
  `postal_code` int(10) unsigned NOT NULL,
  `locality` text NOT NULL,
  `street` text NOT NULL,
  `street_additional` text NOT NULL,
  `coordinate_lat` double NOT NULL,
  `coordinate_lng` double NOT NULL,
  `telephone` varchar(255) NOT NULL,
  `website` text NOT NULL,
  `speciality` varchar(255) NOT NULL,
  `languages` varchar(255) NOT NULL,
  `insurance_private` tinyint(4) NOT NULL,
  `insurance_public` tinyint(4) NOT NULL DEFAULT '1',
  `must_feedback` tinyint(4) NOT NULL,
  `moodle` tinyint(4) NOT NULL,
  `text_description` text NOT NULL,
  `text_vet` text NOT NULL,
  `text_more_for_patient` text NOT NULL,
  `text_membership` text NOT NULL,
  `text_hospital_occupancy` text NOT NULL,
  PRIMARY KEY (`id`),
  UNIQUE KEY `ia24_reference` (`doctor_id`)
) ENGINE=MyISAM  DEFAULT CHARSET=utf8mb4 AUTO_INCREMENT=2 ;

--
-- Dumping data for table `ia24at_doctors`
--

INSERT INTO `ia24at_doctors` (`id`, `doctor_id`, `clinic_id`, `is_member`, `gmap_reference`, `email`, `password`, `avatar`, `first_name`, `last_name`, `gender`, `title`, `postal_code`, `locality`, `street`, `street_additional`, `coordinate_lat`, `coordinate_lng`, `telephone`, `website`, `speciality`, `languages`, `insurance_private`, `insurance_public`, `must_feedback`, `moodle`, `text_description`, `text_vet`, `text_more_for_patient`, `text_membership`, `text_hospital_occupancy`) VALUES
(1, 8, 0, 1, '', 'dr_test@ihrarzt24.de', '28dcce61fcba8eac6d6f01cdbbf83738', '', 'Abbeduto ', 'Charlotte', 0, 'Dr.', 0, '', '', '', 0, 0, '012-3456789', '', '', '', 0, 1, 0, 0, '', '', '', '', '');

-- --------------------------------------------------------

--
-- Table structure for table `ia24at_doctors_invoice`
--

CREATE TABLE IF NOT EXISTS `ia24at_doctors_invoice` (
  `id` int(10) unsigned NOT NULL AUTO_INCREMENT,
  `doctor_id` int(10) unsigned NOT NULL,
  `invoice_num` varchar(255) CHARACTER SET utf8 NOT NULL,
  `activate` tinyint(4) NOT NULL,
  PRIMARY KEY (`id`),
  KEY `doctor_id` (`doctor_id`)
) ENGINE=MyISAM DEFAULT CHARSET=utf8 COLLATE=utf8_unicode_ci AUTO_INCREMENT=1 ;

-- --------------------------------------------------------

--
-- Table structure for table `ia24at_doctor_settings`
--

CREATE TABLE IF NOT EXISTS `ia24at_doctor_settings` (
  `doctor_id` bigint(20) unsigned NOT NULL,
  `working_days` tinyint(3) unsigned NOT NULL,
  `working_hours_start` varchar(100) NOT NULL,
  `working_hours_end` varchar(100) NOT NULL,
  `calendar_cell` int(10) unsigned NOT NULL,
  `termin_default_length` int(10) unsigned NOT NULL,
  `regular_termin_on` tinyint(3) unsigned NOT NULL,
  `lunch_start` time NOT NULL,
  `lunch_end` time NOT NULL,
  `private_hours_start` varchar(100) NOT NULL,
  `private_hours_end` varchar(100) NOT NULL,
  `max_advance_booking` varchar(15) NOT NULL,
  `min_cancel_before` varchar(15) NOT NULL,
  PRIMARY KEY (`doctor_id`)
) ENGINE=MyISAM DEFAULT CHARSET=utf8mb4;

--
-- Dumping data for table `ia24at_doctor_settings`
--

INSERT INTO `ia24at_doctor_settings` (`doctor_id`, `working_days`, `working_hours_start`, `working_hours_end`, `calendar_cell`, `termin_default_length`, `regular_termin_on`, `lunch_start`, `lunch_end`, `private_hours_start`, `private_hours_end`, `max_advance_booking`, `min_cancel_before`) VALUES
(8, 5, '1|-,2|-,3|-,4|-,5|-,6|-,7|-', '1|-,2|-,3|-,4|-,5|-,6|-,7|-', 15, 30, 0, '12:00:00', '14:00:00', '1|-,2|-,3|-,4|-,5|-,6|-,7|-', '1|-,2|-,3|-,4|-,5|-,6|-,7|-', '0 days', '0 days');

-- --------------------------------------------------------

--
-- Table structure for table `ia24at_doctor_termins`
--

CREATE TABLE IF NOT EXISTS `ia24at_doctor_termins` (
  `id` bigint(20) unsigned NOT NULL AUTO_INCREMENT,
  `doctor_id` bigint(20) unsigned NOT NULL,
  `ready` tinyint(3) unsigned NOT NULL,
  `repetitive` tinyint(4) unsigned NOT NULL,
  `mask` tinyint(3) unsigned NOT NULL,
  `mask_event_id` bigint(20) unsigned NOT NULL,
  `allday` tinyint(3) unsigned NOT NULL,
  `period` int(11) unsigned NOT NULL,
  `day` tinyint(3) unsigned NOT NULL,
  `insurance_private` tinyint(3) unsigned NOT NULL,
  `insurance_public` tinyint(3) unsigned NOT NULL,
  `start` datetime NOT NULL,
  `end` datetime NOT NULL,
  `text_patient` text NOT NULL,
  `text_notes` text NOT NULL,
  `auto_termin` tinyint(3) unsigned NOT NULL,
  PRIMARY KEY (`id`)
) ENGINE=MyISAM DEFAULT CHARSET=utf8mb4 AUTO_INCREMENT=1 ;

-- --------------------------------------------------------

--
-- Table structure for table `ia24at_doctor_termin_settings`
--

CREATE TABLE IF NOT EXISTS `ia24at_doctor_termin_settings` (
  `doctor_id` bigint(20) unsigned NOT NULL,
  `afterwards_message` text COLLATE utf8_unicode_ci NOT NULL,
  `email_subject` text COLLATE utf8_unicode_ci NOT NULL,
  `email_body` text COLLATE utf8_unicode_ci NOT NULL,
  `email_closing` text COLLATE utf8_unicode_ci NOT NULL,
  `email_signature` text COLLATE utf8_unicode_ci NOT NULL,
  `logo` text COLLATE utf8_unicode_ci NOT NULL,
  `reminder_email_subject` text COLLATE utf8_unicode_ci NOT NULL,
  `reminder_email_body` text COLLATE utf8_unicode_ci NOT NULL,
  `reminder_email_closing` text COLLATE utf8_unicode_ci NOT NULL,
  `followup_email_subject` text COLLATE utf8_unicode_ci NOT NULL,
  `followup_email_body` text COLLATE utf8_unicode_ci NOT NULL,
  `followup_email_closing` text COLLATE utf8_unicode_ci NOT NULL,
  `reminder_time` varchar(255) CHARACTER SET latin1 NOT NULL,
  `reminder_time_wrapper` tinyint(3) unsigned NOT NULL,
  `followup_time` varchar(255) CHARACTER SET latin1 NOT NULL,
  `followup_time_wrapper` tinyint(3) unsigned NOT NULL,
  PRIMARY KEY (`doctor_id`)
) ENGINE=MyISAM DEFAULT CHARSET=utf8 COLLATE=utf8_unicode_ci;

-- --------------------------------------------------------

--
-- Table structure for table `ia24at_feedbacks`
--

CREATE TABLE IF NOT EXISTS `ia24at_feedbacks` (
  `id` bigint(20) unsigned NOT NULL AUTO_INCREMENT,
  `doctor_id` bigint(20) unsigned NOT NULL,
  `patient_id` bigint(20) unsigned NOT NULL,
  `rating` double NOT NULL,
  `rating_treatment` double NOT NULL,
  `rating_waiting` double NOT NULL,
  `text` text NOT NULL,
  `additional` text NOT NULL,
  PRIMARY KEY (`id`)
) ENGINE=MyISAM DEFAULT CHARSET=utf8mb4 AUTO_INCREMENT=1 ;

-- --------------------------------------------------------

--
-- Table structure for table `ia24at_insurance_provider`
--

CREATE TABLE IF NOT EXISTS `ia24at_insurance_provider` (
  `id` bigint(20) unsigned NOT NULL AUTO_INCREMENT,
  `code` varchar(255) NOT NULL,
  `name` text NOT NULL,
  PRIMARY KEY (`id`)
) ENGINE=MyISAM  DEFAULT CHARSET=utf8mb4 AUTO_INCREMENT=123 ;

--
-- Dumping data for table `ia24at_insurance_provider`
--

INSERT INTO `ia24at_insurance_provider` (`id`, `code`, `name`) VALUES
(1, '1', 'Sonstige'),
(2, '2', 'AOK'),
(3, '3', 'DAK - Gesundheit'),
(4, '4', 'BARMER GEK'),
(5, '5', 'Techniker Krankenkasse'),
(6, '6', 'HEK - Hanseatische Krankenkasse'),
(7, '7', 'hkk'),
(8, '8', 'KKH - Kaufmännische Krankenkasse'),
(9, '9', 'BIG direkt gesund'),
(10, '10', 'IKK Brandenburg und Berlin'),
(11, '11', 'IKK classic'),
(12, '12', 'IKK gesund plus'),
(13, '13', 'IKK Nord'),
(14, '14', 'IKK Südwest'),
(15, '15', 'Vereinigte BKK'),
(16, '16', 'Continentale Betriebskrankenkasse'),
(17, '17', 'hkk Erste Gesundheit'),
(18, '18', 'Knappschaft'),
(19, '19', 'atlas BKK ahlmann'),
(20, '20', 'Audi BKK'),
(21, '21', 'BAHN-BKK'),
(22, '22', 'Bertelsmann BKK'),
(23, '23', 'BKK 24'),
(24, '24', 'BKK A.T.U'),
(25, '25', 'BKK Achenbach Buschhutten'),
(26, '26', 'BKK advita'),
(27, '27', 'BKK Aesculap'),
(28, '28', 'BKK Akzo Nobel'),
(29, '29', 'BKK B. Braun Melsungen AG'),
(30, '30', 'BKK Basell'),
(31, '31', 'BKK Beiersdorf AG'),
(32, '32', 'BKK BJB'),
(33, '33', 'BKK BPW Bergische Achsen KG'),
(34, '34', 'BKK Braun-Gillette'),
(35, '35', 'BKK DEMAG KRAUSS-MAFFEI'),
(36, '36', 'BKK der G. M. PFAFF AG'),
(37, '37', 'BKK der MTU Friedrichshafen'),
(38, '38', 'BKK der Thüringer Energieversorgung'),
(39, '39', 'BKK Deutsche Bank AG'),
(40, '40', 'BKK Diakonie'),
(41, '41', 'BKK ESSANELLE'),
(42, '42', 'BKK EUREGIO'),
(43, '43', 'BKK EWE'),
(44, '44', 'BKK exklusiv'),
(45, '45', 'BKK Faber-Castell &amp; Partner'),
(46, '46', 'BKK firmus'),
(47, '47', 'BKK Freudenberg'),
(48, '48', 'BKK Gildemeister Seidensticker ww'),
(49, '49', 'BKK GRILLO-WERKE AG'),
(50, '50', 'BKK Groz-Beckert'),
(51, '51', 'BKK HENSCHEL Plus'),
(52, '52', 'BKK Herford Minden Ravensberg'),
(53, '53', 'BKK Herkules'),
(54, '54', 'BKK IHV'),
(55, '55', 'BKK KARL MAYER'),
(56, '56', 'BKK Kassana'),
(57, '57', 'BKK KBA'),
(58, '58', 'BKK KEVAG KOBLENZ'),
(59, '59', 'BKK Krones'),
(60, '60', 'BKK Linde'),
(61, '61', 'BKK MAHLE'),
(62, '62', 'BKK MEDICUS'),
(63, '63', 'BKK Melitta Plus'),
(64, '64', 'BKK MEM'),
(65, '65', 'BKK MERCK'),
(66, '66', 'BKK Miele'),
(67, '67', 'BKK Mobil Oil'),
(68, '68', 'BKK Pfalz'),
(69, '69', 'BKK PHOENIX'),
(70, '70', 'BKK PricewaterhouseCoopers'),
(71, '71', 'BKK Publik'),
(72, '72', 'BKK Rieker.Ricosta.Weisser'),
(73, '73', 'BKK RWE'),
(74, '74', 'BKK Salzgitter'),
(75, '75', 'BKK Scheufelen'),
(76, '76', 'BKK Schleswig-Holstein'),
(77, '77', 'BKK Schwarzwald-Baar-Heuberg'),
(78, '78', 'BKK STADT AUGSBURG'),
(79, '79', 'BKK Technoform'),
(80, '80', 'BKK Textilgruppe Hof'),
(81, '81', 'BKK VDN'),
(82, '82', 'BKK VerbundPlus'),
(83, '83', 'BKK Verkehrsbau Union (VBU)'),
(84, '84', 'BKK VICTORIA - D.A.S.'),
(85, '85', 'BKK VITAL'),
(86, '86', 'BKK vor Ort'),
(87, '87', 'BKK Voralb'),
(88, '88', 'BKK Werra-Meissner'),
(89, '89', 'BKK Wirtschaft &amp; Finanzen'),
(90, '90', 'BKK Würth'),
(91, '91', 'BKK ZF &amp; Partner'),
(92, '92', 'BKK_DürkoppAdler'),
(93, '93', 'BMW BKK'),
(94, '94', 'Bosch BKK'),
(95, '95', 'Brandenburgische BKK'),
(96, '96', 'Daimler BKK'),
(97, '97', 'Debeka BKK'),
(98, '98', 'Deutsche BKK'),
(99, '99', 'DIE BERGISCHE KRANKENKASSE'),
(100, '100', 'Die Schwenninger Betriebskrankenkasse'),
(101, '101', 'E.ON BKK'),
(102, '102', 'energie-BKK'),
(103, '103', 'Ernst &amp; Young BKK'),
(104, '104', 'ESSO BKK'),
(105, '105', 'HEAG BKK'),
(106, '106', 'Heimat Krankenkasse'),
(107, '107', 'Metzinger BKK'),
(108, '108', 'mhplus Betriebskrankenkasse'),
(109, '109', 'Novitas BKK'),
(110, '110', 'pronova BKK'),
(111, '111', 'R+V BKK'),
(112, '112', 'Salus BKK'),
(113, '113', 'SECURVITA BKK'),
(114, '114', 'Shell BKK/LIFE'),
(115, '115', 'SIEMAG BKK'),
(116, '116', 'SBK'),
(117, '117', 'SKD BKK'),
(118, '118', 'Südzucker-BKK'),
(119, '119', 'TUI BKK'),
(120, '120', 'Vaillant BKK'),
(121, '121', 'Wieland BKK'),
(122, '122', 'WMF BKK');

-- --------------------------------------------------------

--
-- Table structure for table `ia24at_languages`
--

CREATE TABLE IF NOT EXISTS `ia24at_languages` (
  `id` bigint(20) unsigned NOT NULL AUTO_INCREMENT,
  `code` varchar(5) NOT NULL,
  `name` varchar(255) NOT NULL,
  `native` text NOT NULL,
  PRIMARY KEY (`id`),
  UNIQUE KEY `code` (`code`)
) ENGINE=MyISAM  DEFAULT CHARSET=utf8mb4 AUTO_INCREMENT=185 ;

--
-- Dumping data for table `ia24at_languages`
--

INSERT INTO `ia24at_languages` (`id`, `code`, `name`, `native`) VALUES
(1, 'ab', 'Abkhaz', 'аҧсуа бызшәа, аҧсшәа'),
(2, 'aa', 'Afar', 'Afaraf'),
(3, 'af', 'Afrikaans', 'Afrikaans'),
(4, 'ak', 'Akan', 'Akan'),
(5, 'sq', 'Albanian', 'Shqip'),
(6, 'am', 'Amharic', 'አማርኛ'),
(7, 'ar', 'Arabic', 'العربية'),
(8, 'an', 'Aragonese', 'aragonés'),
(9, 'hy', 'Armenian', 'Հայերեն'),
(10, 'as', 'Assamese', 'অসমীয়া'),
(11, 'av', 'Avaric', 'авар мацӀ, магӀарул мацӀ'),
(12, 'ae', 'Avestan', 'avesta'),
(13, 'ay', 'Aymara', 'aymar aru'),
(14, 'az', 'Azerbaijani', 'azərbaycan dili'),
(15, 'bm', 'Bambara', 'bamanankan'),
(16, 'ba', 'Bashkir', 'башҡорт теле'),
(17, 'eu', 'Basque', 'euskara, euskera'),
(18, 'be', 'Belarusian', 'беларуская мова'),
(19, 'bn', 'Bengali, Ba', 'বাংলা'),
(20, 'bh', 'Bihari', 'भोजपुरी'),
(21, 'bi', 'Bislama', 'Bislama'),
(22, 'bs', 'Bosnian', 'bosanski jezik'),
(23, 'br', 'Breton', 'brezhoneg'),
(24, 'bg', 'Bulgarian', 'български език'),
(25, 'my', 'Burmese', 'ဗမာစာ'),
(26, 'ca', 'Catalan, Valencian', 'català, valencià'),
(27, 'ch', 'Chamorro', 'Chamoru'),
(28, 'ce', 'Chechen', 'нохчийн мотт'),
(29, 'ny', 'Chichewa, Chewa, Ny', 'chiCheŵa, chinyanja'),
(30, 'zh', 'Chinese', '中文 (Zhōngwén), 汉语, 漢語'),
(31, 'cv', 'Chuvash', 'чӑваш чӗлхи'),
(32, 'kw', 'Cornish', 'Kernewek'),
(33, 'co', 'Corsican', 'corsu, lingua corsa'),
(34, 'cr', 'Cree', 'ᓀᐦᐃᔭᐍᐏᐣ'),
(35, 'hr', 'Croatian', 'hrvatski jezik'),
(36, 'cs', 'Czech', 'čeština, český jazyk'),
(37, 'da', 'Danish', 'dansk'),
(38, 'dv', 'Divehi, Dhivehi, Maldi', 'ދިވެހި'),
(39, 'nl', 'Dutch', 'Nederlands, Vlaams'),
(40, 'dz', 'Dzongkha', 'རྫོང་ཁ'),
(41, 'en', 'English', 'English'),
(42, 'eo', 'Esperanto', 'Esperanto'),
(43, 'et', 'Estonian', 'eesti, eesti keel'),
(44, 'ee', 'Ewe', 'Eʋegbe'),
(45, 'fo', 'Faroese', 'føroyskt'),
(46, 'fj', 'Fijian', 'vosa Vakaviti'),
(47, 'fi', 'Finnish', 'suomi, suomen kieli'),
(48, 'fr', 'French', 'français, langue française'),
(49, 'ff', 'Fula, Fulah, Pulaar, P', 'Fulfulde, Pulaar, Pular'),
(50, 'gl', 'Galician', 'galego'),
(51, 'ka', 'Georgian', 'ქართული'),
(52, 'de', 'German', 'Deutsch'),
(53, 'el', 'Greek (mod', 'ελληνικά'),
(54, 'gn', 'Guaraní', 'Avañe''ẽ'),
(55, 'gu', 'Gujarati', 'ગુજરાતી'),
(56, 'ht', 'Haitian, Haitian Cr', 'Kreyòl ayisyen'),
(57, 'ha', 'Hausa', '(Hausa) هَوُسَ'),
(58, 'he', 'Hebrew (mod', 'עברית'),
(59, 'hz', 'Herero', 'Otjiherero'),
(60, 'hi', 'Hindi', 'हिन्दी, हिंदी'),
(61, 'ho', 'Hiri Motu', 'Hiri Motu'),
(62, 'hu', 'Hungarian', 'magyar'),
(63, 'ia', 'Interlingua', 'Interlingua'),
(64, 'id', 'Indonesian', 'Bahasa Indonesia'),
(65, 'ie', 'Interlingue', 'Originally called Occidental; then Interlingue after WWII'),
(66, 'ga', 'Irish', 'Gaeilge'),
(67, 'ig', 'Igbo', 'Asụsụ Igbo'),
(68, 'ik', 'Inupiaq', 'Iñupiaq, Iñupiatun'),
(69, 'io', 'Ido', 'Ido'),
(70, 'is', 'Icelandic', 'Íslenska'),
(71, 'it', 'Italian', 'italiano'),
(72, 'iu', 'Inuktitut', 'ᐃᓄᒃᑎᑐᑦ'),
(73, 'ja', 'Japanese', '日本語 (にほんご)'),
(74, 'jv', 'Javanese', 'basa Jawa'),
(75, 'kl', 'Kalaallisut, Greenla', 'kalaallisut, kalaallit oqaasii'),
(76, 'kn', 'Kannada', 'ಕನ್ನಡ'),
(77, 'kr', 'Kanuri', 'Kanuri'),
(78, 'ks', 'Kashmiri', 'कश्मीरी, كشميري‎'),
(79, 'kk', 'Kazakh', 'қазақ тілі'),
(80, 'km', 'Khmer', 'ខ្មែរ, ខេមរភាសា, ភាសាខ្មែរ'),
(81, 'ki', 'Kikuyu, Gi', 'Gĩkũyũ'),
(82, 'rw', 'Kinyarwanda', 'Ikinyarwanda'),
(83, 'ky', 'Kyrgyz', 'Кыргызча, Кыргыз тили'),
(84, 'kv', 'Komi', 'коми кыв'),
(85, 'kg', 'Kongo', 'Kikongo'),
(86, 'ko', 'Korean', '한국어, 조선어'),
(87, 'ku', 'Kurdish', 'Kurdî, كوردی‎'),
(88, 'kj', 'Kwanyama, Kuan', 'Kuanyama'),
(89, 'la', 'Latin', 'latine, lingua latina'),
(90, 'lb', 'Luxembourgish, Letzeburg', 'Lëtzebuergesch'),
(91, 'lg', 'Ganda', 'Luganda'),
(92, 'li', 'Limburgish, Limburgan, Limbu', 'Limburgs'),
(93, 'ln', 'Lingala', 'Lingála'),
(94, 'lo', 'Lao', 'ພາສາລາວ'),
(95, 'lt', 'Lithuanian', 'lietuvių kalba'),
(96, 'lu', 'Luba-Katanga', 'Tshiluba'),
(97, 'lv', 'Latvian', 'latviešu valoda'),
(98, 'gv', 'Manx', 'Gaelg, Gailck'),
(99, 'mk', 'Macedonian', 'македонски јазик'),
(100, 'mg', 'Malagasy', 'fiteny malagasy'),
(101, 'ms', 'Malay', 'bahasa Melayu, بهاس ملايو‎'),
(102, 'ml', 'Malayalam', 'മലയാളം'),
(103, 'mt', 'Maltese', 'Malti'),
(104, 'mi', 'Māori', 'te reo Māori'),
(105, 'mr', 'Marathi (Marāṭhī)', 'मराठी'),
(106, 'mh', 'Marshallese', 'Kajin M̧ajeļ'),
(107, 'mn', 'Mongolian', 'монгол'),
(108, 'na', 'Nauru', 'Ekakairũ Naoero'),
(109, 'nv', 'Navajo, Na', 'Diné bizaad, Dinékʼehǰí'),
(110, 'nd', 'Northern Ndebele', 'isiNdebele'),
(111, 'ne', 'Nepali', 'नेपाली'),
(112, 'ng', 'Ndonga', 'Owambo'),
(113, 'nb', 'Norwegian Bokmål', 'Norsk bokmål'),
(114, 'nn', 'Norwegian Nynorsk', 'Norsk nynorsk'),
(115, 'no', 'Norwegian', 'Norsk'),
(116, 'ii', 'Nuosu', 'ꆈꌠ꒿ Nuosuhxop'),
(117, 'nr', 'Southern Ndebele', 'isiNdebele'),
(118, 'oc', 'Occitan', 'occitan, lenga d''òc'),
(119, 'oj', 'Ojibwe, Oj', 'ᐊᓂᔑᓈᐯᒧᐎᓐ'),
(120, 'cu', 'Old Church Slavonic, Church Slavonic, Old Bulgarian', 'ѩзыкъ словѣньскъ'),
(121, 'om', 'Oromo', 'Afaan Oromoo'),
(122, 'or', 'Oriya', 'ଓଡ଼ିଆ'),
(123, 'os', 'Ossetian, Oss', 'ирон æвзаг'),
(124, 'pa', 'Panjabi, Pun', 'ਪੰਜਾਬੀ, پنجابی‎'),
(125, 'pi', 'Pāli', 'पाऴि'),
(126, 'fa', 'Persian (Fa', 'فارسی'),
(127, 'pl', 'Polish', 'język polski, polszczyzna'),
(128, 'ps', 'Pashto, Pu', 'پښتو'),
(129, 'pt', 'Portuguese', 'português'),
(130, 'qu', 'Quechua', 'Runa Simi, Kichwa'),
(131, 'rm', 'Romansh', 'rumantsch grischun'),
(132, 'rn', 'Kirundi', 'Ikirundi'),
(133, 'ro', 'Romanian', 'limba română'),
(134, 'ru', 'Russian', 'русский язык'),
(135, 'sa', 'Sanskrit (Saṁskṛta)', 'संस्कृतम्'),
(136, 'sc', 'Sardinian', 'sardu'),
(137, 'sd', 'Sindhi', 'सिन्धी, سنڌي، سندھی‎'),
(138, 'se', 'Northern Sami', 'Davvisámegiella'),
(139, 'sm', 'Samoan', 'gagana fa''a Samoa'),
(140, 'sg', 'Sango', 'yângâ tî sängö'),
(141, 'sr', 'Serbian', 'српски језик'),
(142, 'gd', 'Scottish Gaelic, Ga', 'Gàidhlig'),
(143, 'sn', 'Shona', 'chiShona'),
(144, 'si', 'Sinhala, Sinha', 'සිංහල'),
(145, 'sk', 'Slovak', 'slovenčina, slovenský jazyk'),
(146, 'sl', 'Slovene', 'slovenski jezik, slovenščina'),
(147, 'so', 'Somali', 'Soomaaliga, af Soomaali'),
(148, 'st', 'Southern Sotho', 'Sesotho'),
(149, 'es', 'Spanish, Casti', 'español, castellano'),
(150, 'su', 'Sundanese', 'Basa Sunda'),
(151, 'sw', 'Swahili', 'Kiswahili'),
(152, 'ss', 'Swati', 'SiSwati'),
(153, 'sv', 'Swedish', 'Svenska'),
(154, 'ta', 'Tamil', 'தமிழ்'),
(155, 'te', 'Telugu', 'తెలుగు'),
(156, 'tg', 'Tajik', 'тоҷикӣ, toğikī, تاجیکی‎'),
(157, 'th', 'Thai', 'ไทย'),
(158, 'ti', 'Tigrinya', 'ትግርኛ'),
(159, 'bo', 'Tibetan Standard, Tibetan, Cen', 'བོད་ཡིག'),
(160, 'tk', 'Turkmen', 'Türkmen, Түркмен'),
(161, 'tl', 'Tagalog', 'Wikang Tagalog, ᜏᜒᜃᜅ᜔ ᜆᜄᜎᜓᜄ᜔'),
(162, 'tn', 'Tswana', 'Setswana'),
(163, 'to', 'Tonga (Tonga Isla', 'faka Tonga'),
(164, 'tr', 'Turkish', 'Türkçe'),
(165, 'ts', 'Tsonga', 'Xitsonga'),
(166, 'tt', 'Tatar', 'татар теле, tatar tele'),
(167, 'tw', 'Twi', 'Twi'),
(168, 'ty', 'Tahitian', 'Reo Tahiti'),
(169, 'ug', 'Uyghur, Ui', 'Uyƣurqə, ئۇيغۇرچە‎'),
(170, 'uk', 'Ukrainian', 'українська мова'),
(171, 'ur', 'Urdu', 'اردو'),
(172, 'uz', 'Uzbek', 'O‘zbek, Ўзбек, أۇزبېك‎'),
(173, 've', 'Venda', 'Tshivenḓa'),
(174, 'vi', 'Vietnamese', 'Tiếng Việt'),
(175, 'vo', 'Volapük', 'Volapük'),
(176, 'wa', 'Walloon', 'walon'),
(177, 'cy', 'Welsh', 'Cymraeg'),
(178, 'wo', 'Wolof', 'Wollof'),
(179, 'fy', 'Western Frisian', 'Frysk'),
(180, 'xh', 'Xhosa', 'isiXhosa'),
(181, 'yi', 'Yiddish', 'ייִדיש'),
(182, 'yo', 'Yoruba', 'Yorùbá'),
(183, 'za', 'Zhuang, Ch', 'Saɯ cueŋƅ, Saw cuengh'),
(184, 'zu', 'Zulu', 'isiZulu');

-- --------------------------------------------------------

--
-- Table structure for table `ia24at_patients`
--

CREATE TABLE IF NOT EXISTS `ia24at_patients` (
  `id` bigint(20) unsigned NOT NULL AUTO_INCREMENT,
  `email` varchar(255) NOT NULL,
  `password` varchar(255) NOT NULL,
  `avatar` text NOT NULL,
  `first_name` varchar(255) NOT NULL,
  `last_name` varchar(255) NOT NULL,
  `gender` tinyint(4) NOT NULL,
  `title` varchar(255) NOT NULL,
  `postal_code` int(10) unsigned NOT NULL,
  `locality` text NOT NULL,
  `street` text NOT NULL,
  `street_additional` text NOT NULL,
  `location_lat` double NOT NULL,
  `location_lng` double NOT NULL,
  `telephone` varchar(255) NOT NULL,
  `languages` varchar(255) NOT NULL,
  `insurance` tinyint(4) NOT NULL DEFAULT '1',
  `insurance_provider` varchar(255) NOT NULL,
  `moodle` tinyint(4) NOT NULL,
  PRIMARY KEY (`id`)
) ENGINE=MyISAM DEFAULT CHARSET=utf8mb4 AUTO_INCREMENT=1 ;

-- --------------------------------------------------------

--
-- Table structure for table `ia24at_reservations`
--

CREATE TABLE IF NOT EXISTS `ia24at_reservations` (
  `id` bigint(20) unsigned NOT NULL AUTO_INCREMENT,
  `doctor_id` bigint(20) unsigned NOT NULL,
  `patient_id` bigint(20) unsigned NOT NULL,
  `termin_id` bigint(20) NOT NULL,
  `accept` tinyint(3) unsigned NOT NULL,
  `request` enum('0','1','2') NOT NULL DEFAULT '0',
  `read` tinyint(3) unsigned NOT NULL,
  `archived` tinyint(3) unsigned NOT NULL,
  `deleted` tinyint(3) unsigned NOT NULL,
  `start` datetime NOT NULL,
  `end` datetime NOT NULL,
  `email` varchar(255) NOT NULL,
  `gender` tinyint(3) unsigned NOT NULL,
  `first_name` varchar(255) NOT NULL,
  `last_name` varchar(255) NOT NULL,
  `telephone` varchar(255) NOT NULL,
  `insurance` tinyint(3) unsigned NOT NULL,
  `insurance_provider` varchar(255) NOT NULL,
  `treatment` varchar(255) NOT NULL,
  `return_visitor` tinyint(3) unsigned NOT NULL,
  `text_patient` text NOT NULL,
  `text_notes` text NOT NULL,
  `text_patient_notes` text NOT NULL,
  `text_doctor_answer` text NOT NULL,
  PRIMARY KEY (`id`)
) ENGINE=MyISAM DEFAULT CHARSET=utf8mb4 AUTO_INCREMENT=1 ;

-- --------------------------------------------------------

--
-- Table structure for table `ia24at_speciality`
--

CREATE TABLE IF NOT EXISTS `ia24at_speciality` (
  `id` bigint(20) unsigned NOT NULL AUTO_INCREMENT,
  `code` varchar(255) NOT NULL,
  `name` text NOT NULL,
  PRIMARY KEY (`id`)
) ENGINE=MyISAM  DEFAULT CHARSET=utf8mb4 AUTO_INCREMENT=73 ;

--
-- Dumping data for table `ia24at_speciality`
--

INSERT INTO `ia24at_speciality` (`id`, `code`, `name`) VALUES
(1, '1', 'Zahnarzt'),
(2, '2', 'Allgemeinarzt / Hausarzt'),
(3, '3', 'Frauenarzt / Gynäkologe'),
(4, '4', 'HNO-Arzt'),
(5, '5', 'Hautarzt / Dermatologe'),
(6, '6', 'Augenarzt'),
(7, '7', 'Orthopäde'),
(8, '8', 'Psychotherapeut'),
(9, '9', 'Urologe'),
(10, '10', 'Plastische / Ästhetische Chirurgie'),
(11, '11', 'Neurologe'),
(12, '12', 'Kieferorthopäde'),
(13, '13', 'Kinderzahnarzt'),
(14, '14', 'Gefäßchirurg'),
(15, '15', 'Mund-Kiefer-Gesichtschirurg'),
(16, '17', 'Oralchirurg'),
(17, '18', 'Radiologie'),
(18, '19', 'Homöopath'),
(19, '20', 'Internist'),
(20, '21', 'Psychiater'),
(21, '22', 'Allergologe'),
(22, '23', 'Facharzt für Venenleiden'),
(23, '24', 'Isopathe'),
(24, '25', 'Anästhesist'),
(25, '26', 'Heilpraktiker'),
(26, '27', 'Traditionelle chinesische Medizin'),
(27, '28', 'Akupunkteur'),
(28, '29', 'Psychosomatiker'),
(29, '30', 'Implantologe'),
(30, '31', 'Pflanzenheilkunde'),
(31, '32', 'Massage'),
(32, '33', 'Physiotherapeut'),
(33, '34', 'Kinderarzt'),
(34, '35', 'Kardiologe'),
(35, '36', 'Kinderwunsch / Reproduktionsmedizin'),
(36, '37', 'Diabetologe'),
(37, '38', 'Chirurg'),
(38, '39', 'Refraktive Chirurgie / Augenoperationen'),
(39, '40', 'ästhetische Medizin'),
(40, '41', 'Ergotherapie'),
(41, '42', 'Schmerztherapie'),
(42, '43', 'Pneumologe / Lungenfacharzt'),
(43, '45', 'Hausbesuch'),
(44, '46', 'Neurochirurg'),
(45, '47', 'Wirbelsäulenchirurg'),
(46, '48', 'MRT-Diagnostik'),
(47, '60', 'Nuklearmedizin'),
(48, '62', 'Heilpraktiker für Psychotherapie'),
(49, '63', 'Facharzt für rehabilitative und physikalische Medizin'),
(50, '64', 'Gastroenterologe'),
(51, '65', 'Hypnosetherapeut'),
(52, '66', 'Bioresonanztherapie'),
(53, '67', 'Naturheilkunde'),
(54, '68', 'Andrologie'),
(55, '69', 'Proktologie / Erkrankungen des Enddarms'),
(56, '70', 'Endokrinologie'),
(57, '71', 'Geriatrie / Altersheilkunde'),
(58, '73', 'Rheumatologie'),
(59, '74', 'Schlafmedizin'),
(60, '75', 'Präventivmedizin'),
(61, '76', 'Sportmedizin'),
(62, '77', 'Osteologie'),
(63, '78', 'Ernährungsmedizin'),
(64, '79', 'Anthroposophische Medizin'),
(65, '80', 'Komplementäre Onkologie'),
(66, '81', 'Logopädie'),
(67, '82', 'Psychologe'),
(68, '83', 'Psychologischer Psychotherapeut'),
(69, '84', 'Laserheilkunde'),
(70, '85', 'Unfallchirurgie'),
(71, '86', 'Orthopädie und Unfallchirurgie'),
(72, '87', 'Durchgangsarzt');

-- --------------------------------------------------------

--
-- Table structure for table `ia24at_speciality_treatment`
--

CREATE TABLE IF NOT EXISTS `ia24at_speciality_treatment` (
  `id` bigint(20) unsigned NOT NULL AUTO_INCREMENT,
  `speciality_code` varchar(255) NOT NULL,
  `code` varchar(255) NOT NULL,
  `name` text NOT NULL,
  PRIMARY KEY (`id`)
) ENGINE=MyISAM  DEFAULT CHARSET=utf8mb4 AUTO_INCREMENT=333 ;

--
-- Dumping data for table `ia24at_speciality_treatment`
--

INSERT INTO `ia24at_speciality_treatment` (`id`, `speciality_code`, `code`, `name`) VALUES
(1, '1', '1', 'Akute Zahnschmerzen'),
(2, '1', '24', 'Beratung: Implantat'),
(3, '1', '4', 'Beratung: Zahnersatz'),
(4, '1', '26', 'Bleaching/Zahnaufhellung '),
(5, '1', '320', 'CEREC-Verfahren'),
(6, '1', '136', 'Ersttermin'),
(7, '1', '46', 'Funktionsdiagnostik/-therapie'),
(8, '1', '2', 'Füllungen'),
(9, '1', '142', 'Implantat'),
(10, '1', '240', 'Kiefergelenksbeschwerden'),
(11, '1', '143', 'Kindersprechstunde'),
(12, '1', '5', 'Kontrolluntersuchung'),
(13, '1', '45', 'Laserbehandlung'),
(14, '1', '165', 'Notfallsprechstunde'),
(15, '1', '47', 'Orale Chirurgie'),
(16, '1', '43', 'Parodontologie'),
(17, '1', '6', 'Professionelle Zahnreinigung'),
(18, '1', '41', 'Prophylaxe'),
(19, '1', '7', 'Sonstige Behandlung'),
(20, '1', '302', 'Sprechstunde'),
(21, '1', '25', 'Weisheitszahnproblematik'),
(22, '1', '3', 'Wurzelbehandlung/Endodontie'),
(23, '1', '42', 'Zahnschmuck'),
(24, '1', '44', 'Ästhetische Zahnheilkunde'),
(25, '2', '185', 'Check Up'),
(26, '2', '181', 'Chirotherapie'),
(27, '2', '186', 'EKG'),
(28, '2', '187', 'Ersttermin'),
(29, '2', '15', 'Sonstige Behandlung'),
(30, '2', '166', 'Sprechstunde'),
(31, '3', '68', '3D Ultraschall'),
(32, '3', '8', 'Akute Beschwerden/Notfall'),
(33, '3', '80', 'Alternative Heilmethoden/ Akupunktur'),
(34, '3', '293', 'Ambulante Chemotherapie'),
(35, '3', '58', 'Ambulante Operationen'),
(36, '3', '307', 'Beckenbodenprobleme'),
(37, '3', '56', 'Beratung: Verhütung'),
(38, '3', '182', 'Empfängnisregelung Beratung'),
(39, '3', '137', 'Ersttermin'),
(40, '3', '59', 'Geschlechtskrankheiten'),
(41, '3', '9', 'Gespräch'),
(42, '3', '183', 'Halbjahreskontrolluntersuchung'),
(43, '3', '49', 'Hormonbehandlung'),
(44, '3', '140', 'Impfung'),
(45, '3', '48', 'Kinderwunsch'),
(46, '3', '10', 'Kontrolluntersuchung'),
(47, '3', '11', 'Krebsvorsorge '),
(48, '3', '157', 'Nachsorge'),
(49, '3', '160', 'Notfallsprechstunde'),
(50, '3', '285', 'OP-Termin'),
(51, '3', '275', 'Polyzystisches Ovarialsyndrom'),
(52, '3', '57', 'Reisemedizin'),
(53, '3', '12', 'Schwangeren Erstuntersuchung '),
(54, '3', '13', 'Schwangerschaftsvorsorge '),
(55, '3', '14', 'Sonstige Behandlung'),
(56, '3', '168', 'Sprechstunde'),
(57, '3', '174', 'Teenager Sprechstunde'),
(58, '3', '175', 'Vorgespräche OP'),
(59, '4', '52', 'Allergiediagnostik'),
(60, '4', '94', 'Alternative Heilmethoden/ Akupunktur'),
(61, '4', '51', 'Ambulante Operationen'),
(62, '4', '53', 'Beratung: Hörgeräte'),
(63, '4', '131', 'Ersttermin'),
(64, '4', '84', 'Hördiagnostik/ Hörtest'),
(65, '4', '83', 'Hörgeräte: Versorgung und Kontrolle'),
(66, '4', '150', 'Kontrolle'),
(67, '4', '87', 'Krebsvorsorge'),
(68, '4', '162', 'Notfallsprechstunde'),
(69, '4', '55', 'Plastische Chirurgie'),
(70, '4', '54', 'Reisemedizin'),
(71, '4', '82', 'Riech- und Geschmackstörung'),
(72, '4', '85', 'Schnarchtherapie'),
(73, '4', '50', 'Schwindeltherapie/ Tinitus'),
(74, '4', '16', 'Sonstige Behandlung'),
(75, '4', '169', 'Sprechstunde'),
(76, '4', '81', 'Stimm- und Sprachstörung'),
(77, '4', '86', 'Tauchtauglichkeit'),
(78, '5', '65', 'Aknetherapie'),
(79, '5', '62', 'Allergiediagnostik'),
(80, '5', '120', 'Allergietest'),
(81, '5', '63', 'Ambulante Operationen'),
(82, '5', '78', 'Beratung: Haarausfall'),
(83, '5', '125', 'Ersttermin'),
(84, '5', '67', 'Haut- und Geschlechtskrankheiten'),
(85, '5', '145', 'Kontrolle'),
(86, '5', '64', 'Kosmetische Behandlung: Fruchtsäurepeeling'),
(87, '5', '61', 'Krebsvorsorge'),
(88, '5', '60', 'Laserbehandlung'),
(89, '5', '159', 'Notfallsprechstunde'),
(90, '5', '79', 'Photodynamische Therapier/ Lichttherapie'),
(91, '5', '66', 'Reisemedizin'),
(92, '5', '17', 'Sonstige Behandlung'),
(93, '6', '72', 'Ambulante Operationen'),
(94, '6', '73', 'Beratung: Diabetes mellitus'),
(95, '6', '70', 'Beratung: Kontaktlinsen'),
(96, '6', '126', 'Ersttermin'),
(97, '6', '76', 'Kontaktlinsen: Anpassung und Kontrolle'),
(98, '6', '146', 'Kontrolle'),
(99, '6', '75', 'Kosmetische Chirurgie'),
(100, '6', '69', 'Laserbehandlung'),
(101, '6', '74', 'Refraktive Chirurgie'),
(102, '6', '77', 'Reisemedizin'),
(103, '6', '71', 'Sehtest'),
(104, '6', '18', 'Sonstige Behandlung'),
(105, '6', '167', 'Sprechstunde'),
(106, '7', '101', 'Alternative Heilmethoden/ Akupunktur'),
(107, '7', '104', 'Ambulante Operationen'),
(108, '7', '133', 'Ersttermin'),
(109, '7', '99', 'Ostheoporose'),
(110, '7', '98', 'Schmerztherapie'),
(111, '7', '19', 'Sonstige Behandlung'),
(112, '7', '100', 'Sportmedizinische Untersuchung'),
(113, '7', '171', 'Sprechstunde'),
(114, '7', '102', 'Stoßwellentherapie'),
(115, '7', '103', 'Säuglings- und Kinderorthopädie'),
(116, '7', '294', 'Taping'),
(117, '8', '309', 'Burnout'),
(118, '8', '271', 'Ersttermin'),
(119, '8', '317', 'Gestalttherapie'),
(120, '8', '270', 'Kognitive Verhaltenstherapie'),
(121, '8', '318', 'Paartherapie'),
(122, '9', '109', 'Ambulante Operationen'),
(123, '9', '122', 'Blasenspiegelung (Frau)'),
(124, '9', '123', 'Blasenspiegelung (Mann)'),
(125, '9', '265', 'Circumcision'),
(126, '9', '105', 'Erektionsstörungen'),
(127, '9', '135', 'Ersttermin'),
(128, '9', '106', 'Fruchtbarkeitsuntersuchung/ -behandlung'),
(129, '9', '110', 'Geschlechtskrankheiten'),
(130, '9', '138', 'Harnröhrenabstrich'),
(131, '9', '113', 'Hämorrhoiden'),
(132, '9', '112', 'Kinderurologie'),
(133, '9', '308', 'Kontinenzprobleme'),
(134, '9', '155', 'Krebsvorsorge'),
(135, '9', '107', 'Medizinische Vorhautentfernung'),
(136, '9', '156', 'Metabolic Balance'),
(137, '9', '164', 'Notfallsprechstunde'),
(138, '9', '111', 'Prostatadiagnostik'),
(139, '9', '21', 'Sonstige Behandlung'),
(140, '9', '172', 'Sprechstunde'),
(141, '9', '264', 'Vasektomie'),
(142, '9', '176', 'Vorsorge'),
(143, '9', '108', 'Vorsorgeuntersuchung Mann'),
(144, '10', '199', 'Armstraffung'),
(145, '10', '200', 'Augenlidstraffung'),
(146, '10', '201', 'Bauchdeckenstraffung'),
(147, '10', '202', 'Bodylifting'),
(148, '10', '203', 'Botulinumtoxin'),
(149, '10', '205', 'Brustreduktion beim Mann'),
(150, '10', '89', 'Brustvergrößerung/ -verkleinerung'),
(151, '10', '206', 'Faltenunterspritzung'),
(152, '10', '93', 'Gesichtslifting/ facelifting'),
(153, '10', '207', 'Haartransplantation'),
(154, '10', '88', 'Handchirurgie'),
(155, '10', '208', 'Implantat- wechsel'),
(156, '10', '209', 'Kinnkorrektur'),
(157, '10', '90', 'Liposuktion/ Fettabsaugen'),
(158, '10', '210', 'Lippenvergrösserung'),
(159, '10', '91', 'Narbenentfernung'),
(160, '10', '211', 'Nasenkorrektur'),
(161, '10', '212', 'Ohrenkorrektur'),
(162, '10', '233', 'Penisverlängerung'),
(163, '10', '95', 'Permanent Make-Up'),
(164, '10', '97', 'Phlebologie'),
(165, '10', '213', 'Profilkorrektur'),
(166, '10', '214', 'Schamlippenverkleinerung'),
(167, '10', '92', 'Schweißdrüsenentfernung'),
(168, '10', '22', 'Sonstige Behandlung'),
(169, '10', '215', 'Stirnlifting / Brauenlifting'),
(170, '10', '96', 'Unfallchirurgie'),
(171, '11', '23', 'Sonstige Behandlung'),
(172, '12', '20', 'Sonstige Behandlung'),
(173, '13', '239', 'Ersttermin'),
(174, '13', '304', 'Kontrolluntersuchung'),
(175, '13', '303', 'Schmerzfall'),
(176, '13', '301', 'Sprechstunde'),
(177, '14', '128', 'Ersttermin'),
(178, '14', '147', 'Kontrolle'),
(179, '15', '178', 'Sprechstunde'),
(180, '17', '238', 'Orale Chirurgie'),
(181, '18', '221', 'CT'),
(182, '18', '224', 'Duplex-Sonographie'),
(183, '18', '114', 'Kinderradiologie'),
(184, '18', '227', 'Mammographie'),
(185, '18', '234', 'MRT-Diagnostik'),
(186, '18', '226', 'Röntgen'),
(187, '18', '115', 'Sonstige Behandlungen'),
(188, '18', '223', 'Ultraschall-Sonographie'),
(189, '19', '261', 'Homöopathische Therapie'),
(190, '20', '124', 'Check Up'),
(191, '20', '177', 'EKG'),
(192, '20', '306', 'Ergometrie'),
(193, '20', '132', 'Ersttermin'),
(194, '20', '139', 'Impfung'),
(195, '20', '151', 'Kontrolle'),
(196, '20', '163', 'Notfallsprechstunde'),
(197, '20', '170', 'Sprechstunde'),
(198, '20', '305', 'Tauchtauglichkeit'),
(199, '21', '217', 'Ersttermin'),
(200, '22', '119', 'Allergietest'),
(201, '22', '218', 'Bioresonanz'),
(202, '22', '121', 'Ersttermin'),
(203, '22', '144', 'Kontrolle'),
(204, '22', '153', 'Krebsvorsorge'),
(205, '22', '158', 'Notfallsprechstunde'),
(206, '23', '129', 'Ersttermin'),
(207, '23', '148', 'Kontrolle'),
(208, '23', '154', 'Krebsvorsorge'),
(209, '23', '161', 'Notfallsprechstunde'),
(210, '24', '251', 'Biokybernetische Medizin'),
(211, '25', '252', 'Anästhesist'),
(212, '26', '33', 'Allergien'),
(213, '26', '34', 'Autoimmunerkrankungen'),
(214, '26', '118', 'Beratung'),
(215, '26', '27', 'Beschwerden des Bewegungsapparats'),
(216, '26', '36', 'Diabetes'),
(217, '26', '28', 'Entgiftung und Ausleitungstherapie'),
(218, '26', '290', 'Ersttermin'),
(219, '26', '130', 'Ersttermin'),
(220, '26', '39', 'Gewichtsreduktion'),
(221, '26', '149', 'Kontrolle'),
(222, '26', '37', 'Kopfschmerzen und Migräne'),
(223, '26', '38', 'Menstruations- und Wechseljahrsbeschwerden'),
(224, '26', '32', 'Nahrungsmittelunverträglichkeiten'),
(225, '26', '35', 'Neurodermitis'),
(226, '26', '29', 'Schmerzsyndrome'),
(227, '26', '31', 'Stoffwechselerkrankungen'),
(228, '26', '30', 'Verdauungsstörungen'),
(229, '32', '310', 'Massagetherapie'),
(230, '27', '241', 'chinesische Kräutertherapie'),
(231, '27', '289', 'Ersttermin'),
(232, '27', '242', 'Traditionelle Chinesische Medizin'),
(233, '28', '237', 'Akupunktur'),
(234, '29', '311', 'Ersttermin'),
(235, '30', '180', 'Chirurgie'),
(236, '30', '141', 'Implantat'),
(237, '30', '179', 'Laserbehandlung'),
(238, '30', '173', 'Sprechstunde'),
(239, '31', '313', 'Ayurveda'),
(240, '31', '312', 'Traditionelle Chinesische Medizin'),
(241, '31', '314', 'traditionelle Phythotherapie'),
(242, '33', '191', 'Krankengymnastik'),
(243, '33', '195', 'Lymphdrainagen'),
(244, '33', '192', 'Manuelle Therapie'),
(245, '33', '196', 'Massagen'),
(246, '33', '193', 'Osteopathie'),
(247, '33', '197', 'Physikalische Therapie'),
(248, '33', '194', 'Sportphysiotherapie'),
(249, '34', '184', 'kindersprechstunde'),
(250, '35', '236', 'Sprechstunde'),
(251, '36', '188', 'Kinderwunsch'),
(252, '37', '272', 'Diabetes mellitus'),
(253, '37', '127', 'Ersttermin'),
(254, '38', '340', 'ACP/PRP-Behandlungen'),
(255, '38', '338', 'Ambulante Operationen'),
(256, '38', '345', 'arthroskopische Gelenkchirurgie'),
(257, '38', '342', 'Endoprothetik (Hüft- und Kniegelenke)'),
(258, '38', '330', 'Ersttermin'),
(259, '38', '198', 'Ersttermin'),
(260, '38', '339', 'Extrakorporale Stoßwellentherapie'),
(261, '38', '332', 'Fußchirurgie'),
(262, '38', '334', 'Handchirurgie'),
(263, '38', '333', 'Hernienchirurgie'),
(264, '38', '341', 'Hyaloronsäurebehandlung (Arthrosebehandlung)'),
(265, '38', '336', 'Kassenärztliche chirurgische / unfallchirurgische Sprechstunde'),
(266, '38', '337', 'Kassenärztliche chirurgische / unfallchirurgische Sprechstunde'),
(267, '38', '335', 'Kniechirurgie'),
(268, '38', '344', 'Proktologie'),
(269, '38', '346', 'Sonographische Diagnostik'),
(270, '38', '343', 'Stationäre Operationen'),
(271, '39', '288', 'Ersttermin'),
(272, '40', '229', 'Botox'),
(273, '40', '228', 'Faltenunterspritzung'),
(274, '40', '230', 'G-Punkt-Unterspritzung'),
(275, '40', '284', 'Hyaluronsäure'),
(276, '40', '283', 'Laserbehandlung'),
(277, '41', '235', 'Ergotherapie'),
(278, '42', '253', 'Schmerztherapie'),
(279, '43', '266', 'Ersttermin'),
(280, '45', '189', 'Sonstige Behandlung'),
(281, '46', '190', 'Ersttermin'),
(282, '47', '216', 'Ersttermin'),
(283, '48', '282', 'Ellenbogen-MRT'),
(284, '48', '220', 'Gynäkologisches MRT'),
(285, '48', '278', 'Knie-MRT'),
(286, '48', '281', 'MRT der Hände'),
(287, '48', '279', 'MRT der Hüfte'),
(288, '48', '219', 'Neuro-MRT'),
(289, '48', '280', 'Schulter-MRT'),
(290, '48', '276', 'Schädel-MRT'),
(291, '48', '277', 'Wirbelsäulen-MRT'),
(292, '60', '324', 'Ersttermin'),
(293, '62', '247', 'Atemtherapie'),
(294, '62', '248', 'Gesprächstherapie'),
(295, '62', '245', 'Hypnose'),
(296, '62', '249', 'NLP (Neurolinguistisches Programmieren)'),
(297, '62', '243', 'Psychotherapie'),
(298, '62', '244', 'Singtherapie'),
(299, '62', '246', 'Stimmtherapie'),
(300, '63', '250', 'Sprechstunde'),
(301, '64', '257', 'Darmspiegelung'),
(302, '64', '254', 'Ersttermine'),
(303, '64', '256', 'Magenballon'),
(304, '64', '255', 'Magenspiegelung'),
(305, '65', '258', 'Hypnose'),
(306, '65', '259', 'Raucherentwöhnung'),
(307, '66', '260', 'Bioresonanztherapie'),
(308, '67', '295', 'Akupunktur'),
(309, '67', '300', 'Allergien'),
(310, '67', '299', 'Dorn- / Breußtherapie'),
(311, '67', '296', 'Fußreflexzonenmassage'),
(312, '67', '297', 'Irisdiagnose'),
(313, '67', '263', 'Schmerztherapie'),
(314, '67', '298', 'Triggerpunktmassage'),
(315, '67', '262', 'Tumortherapie'),
(316, '69', '267', 'Ersttermin'),
(317, '70', '268', 'Ersttermin'),
(318, '71', '269', 'First appointment'),
(319, '73', '274', 'Arthrose'),
(320, '73', '273', 'Osteoporose'),
(321, '74', '322', 'Ersttermin'),
(322, '76', '326', 'Sportmedizinische Beratung'),
(323, '77', '287', 'Ersttermin'),
(324, '78', '286', 'Ersttermin'),
(325, '79', '291', 'Ersttermin'),
(326, '80', '292', 'Ersttermin'),
(327, '81', '316', 'Ersttermin'),
(328, '82', '319', 'Ersttermin'),
(329, '83', '321', 'Ersttermin'),
(330, '84', '323', 'Ersttermine'),
(331, '85', '331', 'Ersttermin'),
(332, '87', '325', 'Arbeits-/Kita-, Schul- und Wegeunfälle');

/*!40101 SET CHARACTER_SET_CLIENT=@OLD_CHARACTER_SET_CLIENT */;
/*!40101 SET CHARACTER_SET_RESULTS=@OLD_CHARACTER_SET_RESULTS */;
/*!40101 SET COLLATION_CONNECTION=@OLD_COLLATION_CONNECTION */;
